{"cameraMode":{"drawMode":0,"name":"Shaded","section":"Shading Mode"},"sceneLighting":true,"audioPlay":false,"sceneViewState":{"showFog":true,"showMaterialUpdate":false,"showSkybox":true,"showFlares":true,"showImageEffects":true,"showParticleSystems":true},"in2DMode":false,"pivot":{"x":-0.865185022354126,"y":0.7520599961280823,"z":0.8533525466918945},"rotation":{"x":-0.0261391568928957,"y":0.9298205971717835,"z":-0.06735239177942276,"w":-0.3608567714691162},"size":3.420729160308838,"orthographic":false}